STATE,STATEFIPS,COUNTYFIPS,FIPS,TP-TotPop,PS-TOPop,PS-WGWFr,PS-WSWFr,PS-WFrTo,DO-SSPop,DO-WGWFr,DO-WSWFr,DO-WFrTo,IN-WGWFr,IN-WGWSa,IN-WGWTo,IN-WSWFr,IN-WSWSa,IN-WSWTo,IN-WFrTo,IN-WSaTo,IN-Wtotl,IT-IrSpr,IT-IrMic,IT-IrSur,IT-IrTot,IT-WGWFr,IT-WSWFr,IT-WFrTo,LA-WGWFr,LA-WSWFr,LA-WFrTo,LS-WGWFr,LS-WSWFr,LS-WFrTo,MI-WGWFr,MI-WGWSa,MI-WGWTo,MI-WSWFr,MI-WSWSa,MI-WSWTo,MI-WFrTo,MI-WSaTo,MI-Wtotl,PT-WGWFr,PT-WSWFr,PT-WSWSa,PT-WSWTo,PT-WFrTo,PT-WSaTo,PT-Wtotl,PO-WSWFr,PO-WSWSa,PO-WSWTo,PE-WGWFr,PE-WSWFr,PE-WSWSa,PE-WSWTo,PE-WFrTo,PE-WSaTo,PE-Wtotl,TO-WGWFr,TO-WGWSa,TO-WGWTo,TO-WSWFr,TO-WSWSa,TO-WSWTo,TO-WFrTo,TO-WSaTo,TO-WTotl,,,,,,,
CA,06,001,06001,1443.74,1266.88,26.70,193.70,220.40,176.86,11.94,1.33,13.27,2.53,0.00,2.53,0.12,0.31,0.43,2.65,0.31,2.96,2.50,5.40,2.10,10.00,7.73,12.22,19.95,0.00,0.00,0.00,0.39,0.49,0.88,0.09,0.00,0.09,0.00,0.00,0.00,0.09,0.00,0.09,0.00,0.00,0.00,0.00,0.00,0.00,0.00,0.00,0.00,0.00,0.00,0.00,0.00,0.00,0.00,0.00,0.00,49.38,0.00,49.38,207.86,0.31,208.17,257.24,0.31,257.55,,,,,,,
CA,06,003,06003,1.21,0.60,0.06,0.06,0.12,0.61,0.04,0.00,0.04,0.00,0.00,0.00,0.00,0.00,0.00,0.00,0.00,0.00,0.40,0.00,3.60,4.00,3.40,11.50,14.90,0.00,0.00,0.00,0.03,0.04,0.07,0.00,0.00,0.00,0.00,0.00,0.00,0.00,0.00,0.00,0.00,0.00,0.00,0.00,0.00,0.00,0.00,0.00,0.00,0.00,0.00,0.00,0.00,0.00,0.00,0.00,0.00,3.53,0.00,3.53,11.60,0.00,11.60,15.13,0.00,15.13,,,,,,,
CA,06,005,06005,35.10,26.82,0.54,5.27,5.81,8.28,0.56,0.06,0.62,0.00,0.00,0.00,0.15,0.00,0.15,0.15,0.00,0.15,1.63,6.40,0.20,8.23,17.52,7.45,24.97,0.00,0.00,0.00,0.27,0.35,0.62,0.00,0.00,0.00,0.00,0.00,0.00,0.00,0.00,0.00,0.00,0.00,0.00,0.00,0.00,0.00,0.00,0.00,0.00,0.00,0.00,0.00,0.00,0.00,0.00,0.00,0.00,18.89,0.00,18.89,13.28,0.00,13.28,32.17,0.00,32.17,,,,,,,
CA,06,007,06007,203.17,164.77,27.44,17.94,45.38,38.40,2.59,0.29,2.88,0.26,0.00,0.26,0.00,0.00,0.00,0.26,0.00,0.26,149.06,43.90,64.40,257.36,286.25,687.24,973.49,20.25,35.11,55.36,0.27,0.34,0.61,0.00,0.00,0.00,0.00,0.00,0.00,0.00,0.00,0.00,0.00,0.00,0.00,0.00,0.00,0.00,0.00,0.00,0.00,0.00,0.00,0.00,0.00,0.00,0.00,0.00,0.00,337.06,0.00,337.06,740.92,0.00,740.92,1077.98,0.00,1077.98,,,,,,,
CA,06,009,06009,40.55,35.61,0.30,6.71,7.01,4.94,0.33,0.04,0.37,0.00,0.00,0.00,0.00,0.00,0.00,0.00,0.00,0.00,0.62,1.40,0.70,2.72,3.05,3.86,6.91,0.00,2.61,2.61,0.15,0.19,0.34,0.00,0.00,0.00,0.00,0.00,0.00,0.00,0.00,0.00,0.00,0.00,0.00,0.00,0.00,0.00,0.00,0.00,0.00,0.00,0.00,0.00,0.00,0.00,0.00,0.00,0.00,3.83,0.00,3.83,13.41,0.00,13.41,17.24,0.00,17.24,,,,,,,
CA,06,011,06011,18.80,11.74,3.22,0.00,3.22,7.06,0.48,0.05,0.53,0.00,0.00,0.00,0.00,0.00,0.00,0.00,0.00,0.00,16.78,75.40,167.20,259.38,283.07,626.12,909.19,0.00,0.13,0.13,0.22,0.28,0.50,0.00,0.00,0.00,0.00,0.00,0.00,0.00,0.00,0.00,0.00,0.00,0.00,0.00,0.00,0.00,0.00,0.00,0.00,0.00,0.00,0.00,0.00,0.00,0.00,0.00,0.00,286.99,0.00,286.99,626.58,0.00,626.58,913.57,0.00,913.57,,,,,,,
CA,06,013,06013,948.82,927.68,3.07,156.54,159.61,21.14,1.43,0.16,1.59,0.13,0.00,0.13,1.59,6.20,7.79,1.72,6.20,7.92,4.95,4.40,35.00,44.35,34.27,61.61,95.88,0.00,0.00,0.00,0.40,0.50,0.90,0.00,0.00,0.00,0.00,0.00,0.00,0.00,0.00,0.00,0.00,343.74,632.49,976.23,343.74,632.49,976.23,343.74,632.49,976.23,0.00,0.00,0.00,0.00,0.00,0.00,0.00,39.30,0.00,39.30,564.14,638.69,1202.83,603.44,638.69,1242.13,,,,,,,
CA,06,015,06015,27.51,18.44,3.08,0.90,3.98,9.07,0.61,0.07,0.68,0.00,0.00,0.00,0.00,0.00,0.00,0.00,0.00,0.00,7.28,0.00,0.00,7.28,7.12,9.92,17.04,0.00,0.00,0.00,0.05,0.07,0.12,0.00,0.00,0.00,0.00,0.00,0.00,0.00,0.00,0.00,0.00,0.00,0.00,0.00,0.00,0.00,0.00,0.00,0.00,0.00,0.00,0.00,0.00,0.00,0.00,0.00,0.00,10.86,0.00,10.86,10.96,0.00,10.96,21.82,0.00,21.82,,,,,,,
CA,06,017,06017,156.30,143.54,7.56,28.01,35.57,12.76,0.86,0.10,0.96,0.00,0.00,0.00,0.00,0.00,0.00,0.00,0.00,0.00,3.84,2.10,0.00,5.94,3.61,14.80,18.41,0.00,0.00,0.00,0.09,0.12,0.21,0.00,0.00,0.00,0.00,0.00,0.00,0.00,0.00,0.00,0.00,0.00,0.00,0.00,0.00,0.00,0.00,0.00,0.00,0.00,0.00,0.00,0.00,0.00,0.00,0.00,0.00,12.12,0.00,12.12,43.03,0.00,43.03,55.15,0.00,55.15,,,,,,,
CA,06,019,06019,799.41,757.68,194.04,2.08,196.12,41.73,2.82,0.31,3.13,7.03,0.00,7.03,0.61,3.81,4.42,7.64,3.81,11.45,42.29,415.50,769.80,1227.59,1640.35,1849.50,3489.85,0.09,18.10,18.19,9.22,11.74,20.96,0.02,3.59,3.61,1.68,0.00,1.68,1.70,3.59,5.29,0.00,0.00,0.00,0.00,0.00,0.00,0.00,0.00,0.00,0.00,0.00,0.00,0.00,0.00,0.00,0.00,0.00,1853.57,3.59,1857.16,1884.02,3.81,1887.83,3737.59,7.40,3744.99,,,,,,,
CA,06,021,06021,26.45,14.19,4.37,0.00,4.37,12.26,0.83,0.09,0.92,0.63,0.00,0.63,0.00,0.00,0.00,0.63,0.00,0.63,22.92,74.50,97.30,194.72,226.81,447.78,674.59,0.00,0.00,0.00,1.42,1.80,3.22,0.00,0.02,0.02,0.00,0.00,0.00,0.00,0.02,0.02,0.00,0.00,0.00,0.00,0.00,0.00,0.00,0.00,0.00,0.00,0.00,0.00,0.00,0.00,0.00,0.00,0.00,234.06,0.02,234.08,449.67,0.00,449.67,683.73,0.02,683.75,,,,,,,
CA,06,023,06023,126.52,110.17,15.30,18.56,33.86,16.35,1.10,0.12,1.22,1.23,0.00,1.23,0.00,0.00,0.00,1.23,0.00,1.23,31.02,0.00,2.90,33.92,39.81,31.32,71.13,0.00,4.13,4.13,1.66,2.11,3.77,0.00,0.00,0.00,0.00,0.00,0.00,0.00,0.00,0.00,0.00,0.00,37.49,37.49,0.00,37.49,37.49,0.00,37.49,37.49,0.00,0.00,0.00,0.00,0.00,0.00,0.00,59.10,0.00,59.10,56.24,37.49,93.73,115.34,37.49,152.83,,,,,,,
CA,06,025,06025,142.36,136.96,0.12,31.03,31.15,5.40,0.36,0.04,0.40,0.00,0.00,0.00,0.00,0.00,0.00,0.00,0.00,0.00,0.29,18.90,609.70,628.89,95.69,2739.20,2834.89,1.81,4.69,6.50,5.04,2.22,7.26,1.00,0.00,1.00,0.00,0.00,0.00,1.00,0.00,1.00,0.00,5.41,0.00,5.41,5.41,0.00,5.41,0.00,0.00,0.00,0.00,5.41,0.00,5.41,5.41,0.00,5.41,104.02,0.00,104.02,2782.59,0.00,2782.59,2886.61,0.00,2886.61,,,,,,,
CA,06,027,06027,17.95,6.91,3.04,0.00,3.04,11.04,0.75,0.08,0.83,0.00,0.00,0.00,0.00,0.00,0.00,0.00,0.00,0.00,0.27,0.00,14.80,15.07,46.36,21.11,67.47,34.60,12.72,47.32,0.97,1.24,2.21,0.00,0.00,0.00,0.00,0.00,0.00,0.00,0.00,0.00,0.00,0.00,0.00,0.00,0.00,0.00,0.00,0.00,0.00,0.00,0.00,0.00,0.00,0.00,0.00,0.00,0.00,85.72,0.00,85.72,35.15,0.00,35.15,120.87,0.00,120.87,,,,,,,
CA,06,029,06029,661.65,585.60,151.73,29.50,181.23,76.05,5.13,0.57,5.70,7.28,0.00,7.28,0.00,0.02,0.02,7.28,0.02,7.30,71.84,429.10,428.20,929.14,1376.79,1206.63,2583.42,0.42,14.79,15.21,5.77,7.34,13.11,13.59,65.38,78.97,0.00,0.00,0.00,13.59,65.38,78.97,0.00,0.00,0.00,0.00,0.00,0.00,0.00,0.00,0.00,0.00,0.00,0.00,0.00,0.00,0.00,0.00,0.00,1560.71,65.38,1626.09,1258.83,0.02,1258.85,2819.54,65.40,2884.94,,,,,,,
CA,06,031,06031,129.46,108.47,17.80,4.51,22.31,20.99,1.42,0.16,1.58,1.38,0.00,1.38,0.37,0.00,0.37,1.75,0.00,1.75,0.35,78.70,456.60,535.65,790.84,695.53,1486.37,0.04,0.00,0.04,10.56,13.45,24.01,0.00,0.03,0.03,0.00,0.00,0.00,0.00,0.03,0.03,0.00,0.00,0.00,0.00,0.00,0.00,0.00,0.00,0.00,0.00,0.00,0.00,0.00,0.00,0.00,0.00,0.00,822.04,0.03,822.07,714.02,0.00,714.02,1536.06,0.03,1536.09,,,,,,,
CA,06,033,06033,58.31,44.66,3.07,3.78,6.85,13.65,0.92,0.10,1.02,0.20,0.00,0.20,0.00,0.00,0.00,0.20,0.00,0.20,5.07,1.70,7.10,13.87,35.86,7.88,43.74,0.03,0.00,0.03,0.07,0.08,0.15,0.00,0.00,0.00,0.00,0.00,0.00,0.00,0.00,0.00,0.00,0.00,0.00,0.00,0.00,0.00,0.00,0.00,0.00,0.00,0.00,0.00,0.00,0.00,0.00,0.00,0.00,40.15,0.00,40.15,11.84,0.00,11.84,51.99,0.00,51.99,,,,,,,
CA,06,035,06035,33.83,17.11,3.35,2.37,5.72,16.72,1.13,0.13,1.26,0.01,0.00,0.01,0.00,0.00,0.00,0.01,0.00,0.01,35.58,0.00,138.30,173.88,188.28,289.12,477.40,0.00,0.00,0.00,0.40,0.51,0.91,0.00,0.00,0.00,0.00,0.00,0.00,0.00,0.00,0.00,0.00,0.00,0.00,0.00,0.00,0.00,0.00,0.00,0.00,0.00,0.00,0.00,0.00,0.00,0.00,0.00,0.00,193.17,0.00,193.17,292.13,0.00,292.13,485.30,0.00,485.30,,,,,,,
CA,06,037,06037,9519.34,8509.22,643.95,930.88,1574.83,1010.12,68.18,7.58,75.76,57.73,0.00,57.73,0.00,0.00,0.00,57.73,0.00,57.73,28.59,1.10,4.30,33.99,36.20,28.38,64.58,0.01,0.00,0.01,1.31,1.67,2.98,1.90,52.81,54.71,0.00,0.00,0.00,1.90,52.81,54.71,0.02,0.00,3534.26,3534.26,0.02,3534.26,3534.28,0.00,3534.26,3534.26,0.02,0.00,0.00,0.00,0.02,0.00,0.02,809.30,52.81,862.11,968.51,3534.26,4502.77,1777.81,3587.07,5364.88,,,,,,,
CA,06,039,06039,123.11,74.04,18.96,0.25,19.21,49.07,3.31,0.37,3.68,2.07,0.00,2.07,0.00,0.00,0.00,2.07,0.00,2.07,9.08,255.70,48.10,312.88,287.56,666.05,953.61,1.44,0.05,1.49,5.86,7.46,13.32,0.00,0.00,0.00,0.00,0.00,0.00,0.00,0.00,0.00,0.00,0.00,0.00,0.00,0.00,0.00,0.00,0.00,0.00,0.00,0.00,0.00,0.00,0.00,0.00,0.00,0.00,319.20,0.00,319.20,674.18,0.00,674.18,993.38,0.00,993.38,,,,,,,
CA,06,041,06041,247.29,243.52,15.51,22.18,37.69,3.77,0.25,0.03,0.28,0.00,0.00,0.00,0.18,0.00,0.18,0.18,0.00,0.18,1.01,0.00,1.90,2.91,0.80,2.88,3.68,0.00,0.00,0.00,1.17,1.48,2.65,0.00,0.00,0.00,0.00,0.00,0.00,0.00,0.00,0.00,0.00,0.00,0.00,0.00,0.00,0.00,0.00,0.00,0.00,0.00,0.00,0.00,0.00,0.00,0.00,0.00,0.00,17.73,0.00,17.73,26.75,0.00,26.75,44.48,0.00,44.48,,,,,,,
CA,06,043,06043,17.13,4.11,0.65,0.50,1.15,13.02,0.88,0.10,0.98,0.00,0.00,0.00,0.00,0.00,0.00,0.00,0.00,0.00,0.05,0.00,1.20,1.25,1.45,2.33,3.78,0.00,0.00,0.00,0.23,0.29,0.52,0.00,0.00,0.00,0.00,0.00,0.00,0.00,0.00,0.00,0.00,0.00,0.00,0.00,0.00,0.00,0.00,0.00,0.00,0.00,0.00,0.00,0.00,0.00,0.00,0.00,0.00,3.21,0.00,3.21,3.22,0.00,3.22,6.43,0.00,6.43,,,,,,,
CA,06,045,06045,86.27,53.03,6.09,3.93,10.02,33.24,2.24,0.25,2.49,0.05,0.00,0.05,0.00,0.00,0.00,0.05,0.00,0.05,10.94,13.00,3.60,27.54,15.74,26.66,42.40,0.67,0.00,0.67,0.44,0.56,1.00,0.00,0.00,0.00,0.00,0.00,0.00,0.00,0.00,0.00,0.00,0.00,0.00,0.00,0.00,0.00,0.00,0.00,0.00,0.00,0.00,0.00,0.00,0.00,0.00,0.00,0.00,25.23,0.00,25.23,31.40,0.00,31.40,56.63,0.00,56.63,,,,,,,
CA,06,047,06047,210.55,157.41,47.28,0.30,47.58,53.14,3.59,0.40,3.99,2.26,0.00,2.26,0.00,0.00,0.00,2.26,0.00,2.26,59.72,92.20,417.30,569.22,559.81,1184.35,1744.16,1.05,24.22,25.27,24.99,31.81,56.80,0.00,0.00,0.00,0.00,0.00,0.00,0.00,0.00,0.00,0.00,0.00,0.00,0.00,0.00,0.00,0.00,0.00,0.00,0.00,0.00,0.00,0.00,0.00,0.00,0.00,0.00,638.98,0.00,638.98,1241.08,0.00,1241.08,1880.06,0.00,1880.06,,,,,,,
CA,06,049,06049,9.45,3.93,1.14,0.00,1.14,5.52,0.38,0.04,0.42,0.00,0.00,0.00,0.00,0.00,0.00,0.00,0.00,0.00,50.72,0.00,36.00,86.72,78.82,158.08,236.90,0.63,0.00,0.63,0.64,0.81,1.45,0.00,0.00,0.00,0.00,0.00,0.00,0.00,0.00,0.00,0.00,0.00,0.00,0.00,0.00,0.00,0.00,0.00,0.00,0.00,0.00,0.00,0.00,0.00,0.00,0.00,0.00,81.61,0.00,81.61,158.93,0.00,158.93,240.54,0.00,240.54,,,,,,,
CA,06,051,06051,12.85,7.21,1.27,2.13,3.40,5.64,0.38,0.04,0.42,0.00,0.00,0.00,0.00,0.00,0.00,0.00,0.00,0.00,24.96,18.70,0.50,44.16,76.21,103.38,179.59,0.00,9.37,9.37,0.08,0.10,0.18,0.00,0.00,0.00,0.00,0.00,0.00,0.00,0.00,0.00,0.00,0.00,0.00,0.00,0.00,0.00,0.00,0.00,0.00,0.00,0.00,0.00,0.00,0.00,0.00,0.00,0.00,77.94,0.00,77.94,115.02,0.00,115.02,192.96,0.00,192.96,,,,,,,
CA,06,053,06053,401.76,331.97,43.28,0.19,43.47,69.79,4.71,0.52,5.23,5.70,0.00,5.70,0.00,0.00,0.00,5.70,0.00,5.70,172.14,181.30,77.00,430.44,745.89,89.11,835.00,0.00,0.00,0.00,0.93,1.19,2.12,0.21,0.00,0.21,0.00,0.00,0.00,0.21,0.00,0.21,0.00,0.00,890.00,890.00,0.00,890.00,890.00,0.00,890.00,890.00,0.00,0.00,0.00,0.00,0.00,0.00,0.00,800.72,0.00,800.72,91.01,890.00,981.01,891.73,890.00,1781.73,,,,,,,
CA,06,055,06055,124.28,104.33,0.47,18.78,19.25,19.95,1.35,0.15,1.50,6.06,0.00,6.06,0.00,0.00,0.00,6.06,0.00,6.06,7.15,30.80,0.00,37.95,12.93,40.12,53.05,0.00,0.45,0.45,0.09,0.11,0.20,0.00,0.00,0.00,0.56,0.00,0.56,0.56,0.00,0.56,0.00,0.00,0.00,0.00,0.00,0.00,0.00,0.00,0.00,0.00,0.00,0.00,0.00,0.00,0.00,0.00,0.00,20.90,0.00,20.90,60.17,0.00,60.17,81.07,0.00,81.07,,,,,,,
CA,06,057,06057,92.03,69.46,5.09,9.56,14.65,22.57,1.52,0.17,1.69,0.00,0.00,0.00,0.00,0.00,0.00,0.00,0.00,0.00,2.86,0.80,6.20,9.86,4.74,27.01,31.75,0.00,0.00,0.00,0.10,0.12,0.22,0.00,0.00,0.00,0.00,0.00,0.00,0.00,0.00,0.00,0.00,0.00,0.00,0.00,0.00,0.00,0.00,0.00,0.00,0.00,0.00,0.00,0.00,0.00,0.00,0.00,0.00,11.45,0.00,11.45,36.86,0.00,36.86,48.31,0.00,48.31,,,,,,,
CA,06,059,06059,2846.29,2613.53,261.94,234.12,496.06,232.76,15.71,1.75,17.46,0.47,0.00,0.47,0.00,0.65,0.65,0.47,0.65,1.12,7.10,12.70,0.00,19.80,28.70,18.94,47.64,0.00,0.00,0.00,0.18,0.23,0.41,0.00,5.81,5.81,0.00,0.00,0.00,0.00,5.81,5.81,0.00,0.00,154.92,154.92,0.00,154.92,154.92,0.00,154.92,154.92,0.00,0.00,0.00,0.00,0.00,0.00,0.00,307.00,5.81,312.81,255.04,155.57,410.61,562.04,161.38,723.42,,,,,,,
CA,06,061,06061,248.40,222.48,2.90,56.48,59.38,25.92,1.75,0.19,1.94,0.16,0.00,0.16,0.00,0.00,0.00,0.16,0.00,0.16,8.99,15.10,17.60,41.69,31.81,93.78,125.59,0.24,0.00,0.24,0.74,0.95,1.69,0.00,0.00,0.00,0.00,0.00,0.00,0.00,0.00,0.00,0.00,0.00,0.00,0.00,0.00,0.00,0.00,0.00,0.00,0.00,0.00,0.00,0.00,0.00,0.00,0.00,0.00,37.60,0.00,37.60,151.40,0.00,151.40,189.00,0.00,189.00,,,,,,,
CA,06,063,06063,20.82,18.69,2.95,1.08,4.03,2.13,0.14,0.02,0.16,0.00,0.00,0.00,0.06,0.00,0.06,0.06,0.00,0.06,7.63,0.40,7.30,15.33,7.21,41.59,48.80,1.94,0.00,1.94,0.14,0.18,0.32,0.00,0.00,0.00,0.00,0.00,0.00,0.00,0.00,0.00,0.00,0.00,0.00,0.00,0.00,0.00,0.00,0.00,0.00,0.00,0.00,0.00,0.00,0.00,0.00,0.00,0.00,12.38,0.00,12.38,42.93,0.00,42.93,55.31,0.00,55.31,,,,,,,
CA,06,065,06065,1545.39,1397.01,302.49,107.58,410.07,148.38,10.02,1.11,11.13,4.00,0.00,4.00,0.00,0.04,0.04,4.00,0.04,4.04,34.51,30.40,228.60,293.51,114.87,1116.56,1231.43,7.93,0.00,7.93,10.23,13.02,23.25,0.00,0.00,0.00,0.27,0.00,0.27,0.27,0.00,0.27,0.00,0.00,0.00,0.00,0.00,0.00,0.00,0.00,0.00,0.00,0.00,0.00,0.00,0.00,0.00,0.00,0.00,449.54,0.00,449.54,1238.54,0.04,1238.58,1688.08,0.04,1688.12,,,,,,,
CA,06,067,06067,1223.50,1159.47,129.69,172.90,302.59,64.03,4.32,0.48,4.80,7.76,0.00,7.76,0.00,0.02,0.02,7.76,0.02,7.78,27.32,36.50,81.50,145.32,152.49,257.27,409.76,7.25,46.85,54.10,1.90,2.41,4.31,0.00,0.00,0.00,0.00,0.00,0.00,0.00,0.00,0.00,0.00,0.00,0.00,0.00,0.00,0.00,0.00,0.00,0.00,0.00,0.00,0.00,0.00,0.00,0.00,0.00,0.00,303.41,0.00,303.41,479.91,0.02,479.93,783.32,0.02,783.34,,,,,,,
CA,06,069,06069,53.23,46.92,6.30,0.00,6.30,6.31,0.43,0.05,0.48,1.20,0.00,1.20,0.00,0.00,0.00,1.20,0.00,1.20,19.99,14.30,9.30,43.59,74.08,9.36,83.44,0.00,0.00,0.00,0.51,0.65,1.16,0.00,0.02,0.02,0.11,0.00,0.11,0.11,0.02,0.13,0.00,0.00,0.00,0.00,0.00,0.00,0.00,0.00,0.00,0.00,0.00,0.00,0.00,0.00,0.00,0.00,0.00,82.52,0.02,82.54,10.17,0.00,10.17,92.69,0.02,92.71,,,,,,,
CA,06,071,06071,1709.43,1364.09,279.76,92.42,372.18,345.34,23.31,2.59,25.90,11.26,0.00,11.26,0.00,0.00,0.00,11.26,0.00,11.26,33.94,5.10,6.70,45.74,59.72,123.57,183.29,12.16,0.00,12.16,13.85,17.62,31.47,2.69,10.41,13.10,0.00,0.00,0.00,2.69,10.41,13.10,3.21,0.00,0.00,0.00,3.21,0.00,3.21,0.00,0.00,0.00,3.21,0.00,0.00,0.00,3.21,0.00,3.21,405.96,10.41,416.37,236.20,0.00,236.20,642.16,10.41,652.57,,,,,,,
CA,06,073,06073,2813.83,2374.94,6.67,431.50,438.17,438.89,29.63,3.29,32.92,0.48,0.00,0.48,0.05,2.40,2.45,0.53,2.40,2.93,25.23,56.20,1.90,83.33,22.11,307.32,329.43,0.02,0.01,0.03,1.18,1.50,2.68,0.00,0.00,0.00,0.00,0.00,0.00,0.00,0.00,0.00,0.00,0.00,3587.71,3587.71,0.00,3587.71,3587.71,0.00,3587.71,3587.71,0.00,0.00,0.00,0.00,0.00,0.00,0.00,60.09,0.00,60.09,743.67,3590.11,4333.78,803.76,3590.11,4393.87,,,,,,,
CA,06,075,06075,776.73,750.00,0.00,81.37,81.37,26.73,1.80,0.20,2.00,0.00,0.00,0.00,0.00,0.00,0.00,0.00,0.00,0.00,0.61,0.00,0.00,0.61,0.60,0.41,1.01,0.00,0.00,0.00,0.00,0.00,0.00,0.00,0.00,0.00,0.00,0.00,0.00,0.00,0.00,0.00,0.00,0.00,168.56,168.56,0.00,168.56,168.56,0.00,168.56,168.56,0.00,0.00,0.00,0.00,0.00,0.00,0.00,2.40,0.00,2.40,81.98,168.56,250.54,84.38,168.56,252.94,,,,,,,
CA,06,077,06077,563.60,461.26,58.39,40.40,98.79,102.34,6.91,0.77,7.68,8.94,0.00,8.94,0.00,0.00,0.00,8.94,0.00,8.94,86.37,233.30,237.80,557.47,694.11,903.04,1597.15,0.04,16.80,16.84,7.32,9.31,16.63,0.00,0.01,0.01,0.00,0.00,0.00,0.00,0.01,0.01,0.00,0.00,0.00,0.00,0.00,0.00,0.00,0.00,0.00,0.00,0.00,0.00,0.00,0.00,0.00,0.00,0.00,775.71,0.01,775.72,970.32,0.00,970.32,1746.03,0.01,1746.04,,,,,,,
CA,06,079,06079,246.68,193.59,21.19,12.42,33.61,53.09,3.58,0.40,3.98,4.03,0.00,4.03,0.00,0.00,0.00,4.03,0.00,4.03,7.25,63.50,18.20,88.95,156.31,22.47,178.78,0.83,2.33,3.16,1.07,1.37,2.44,0.00,0.53,0.53,0.00,0.00,0.00,0.00,0.53,0.53,0.00,0.06,2884.12,2884.18,0.06,2884.12,2884.18,0.06,2884.12,2884.18,0.00,0.00,0.00,0.00,0.00,0.00,0.00,187.01,0.53,187.54,39.05,2884.12,2923.17,226.06,2884.65,3110.71,,,,,,,
CA,06,081,06081,707.16,703.64,7.21,86.66,93.87,3.52,0.24,0.03,0.27,0.16,0.00,0.16,0.00,0.00,0.00,0.16,0.00,0.16,3.59,1.40,0.00,4.99,5.50,2.79,8.29,0.00,0.00,0.00,0.12,0.15,0.27,0.00,0.00,0.00,0.00,0.00,0.00,0.00,0.00,0.00,0.00,0.00,0.00,0.00,0.00,0.00,0.00,0.00,0.00,0.00,0.00,0.00,0.00,0.00,0.00,0.00,0.00,13.23,0.00,13.23,89.63,0.00,89.63,102.86,0.00,102.86,,,,,,,
CA,06,083,06083,399.35,352.44,28.36,35.13,63.49,46.91,3.17,0.35,3.52,1.39,0.00,1.39,0.00,0.00,0.00,1.39,0.00,1.39,43.52,114.20,1.80,159.52,281.87,65.61,347.48,0.00,0.00,0.00,0.68,0.87,1.55,1.12,7.91,9.03,0.00,0.36,0.36,1.12,8.27,9.39,0.00,0.00,0.00,0.00,0.00,0.00,0.00,0.00,0.00,0.00,0.00,0.00,0.00,0.00,0.00,0.00,0.00,316.59,7.91,324.50,101.96,0.36,102.32,418.55,8.27,426.82,,,,,,,
CA,06,085,06085,1682.59,1666.14,105.56,181.35,286.91,16.45,1.11,0.12,1.23,13.77,0.00,13.77,1.72,0.00,1.72,15.49,0.00,15.49,9.31,11.70,0.00,21.01,30.83,7.10,37.93,0.00,0.00,0.00,0.37,0.47,0.84,0.00,0.00,0.00,0.00,0.00,0.00,0.00,0.00,0.00,0.00,0.00,0.00,0.00,0.00,0.00,0.00,0.00,0.00,0.00,0.00,0.00,0.00,0.00,0.00,0.00,0.00,151.64,0.00,151.64,190.76,0.00,190.76,342.40,0.00,342.40,,,,,,,
CA,06,087,06087,255.60,220.60,14.23,12.47,26.70,35.00,2.36,0.26,2.62,3.00,0.00,3.00,0.76,0.00,0.76,3.76,0.00,3.76,2.11,21.70,0.00,23.81,40.49,3.97,44.46,0.40,0.00,0.40,0.15,0.19,0.34,0.00,0.00,0.00,0.00,0.00,0.00,0.00,0.00,0.00,0.00,0.00,0.00,0.00,0.00,0.00,0.00,0.00,0.00,0.00,0.00,0.00,0.00,0.00,0.00,0.00,0.00,60.63,0.00,60.63,17.65,0.00,17.65,78.28,0.00,78.28,,,,,,,
CA,06,089,06089,163.26,137.70,12.82,24.46,37.28,25.56,1.73,0.19,1.92,2.91,0.00,2.91,0.00,0.00,0.00,2.91,0.00,2.91,17.24,8.80,68.50,94.54,120.42,174.50,294.92,38.78,56.51,95.29,0.52,0.66,1.18,0.00,0.00,0.00,0.00,0.00,0.00,0.00,0.00,0.00,0.00,0.00,0.00,0.00,0.00,0.00,0.00,0.00,0.00,0.00,0.00,0.00,0.00,0.00,0.00,0.00,0.00,177.18,0.00,177.18,256.32,0.00,256.32,433.50,0.00,433.50,,,,,,,
CA,06,091,06091,3.56,1.67,0.58,0.08,0.66,1.89,0.13,0.01,0.14,0.00,0.00,0.00,0.00,0.00,0.00,0.00,0.00,0.00,13.00,0.00,0.00,13.00,5.70,37.40,43.10,0.00,0.00,0.00,0.23,0.30,0.53,0.00,0.00,0.00,0.00,0.00,0.00,0.00,0.00,0.00,0.00,0.00,0.00,0.00,0.00,0.00,0.00,0.00,0.00,0.00,0.00,0.00,0.00,0.00,0.00,0.00,0.00,6.64,0.00,6.64,37.79,0.00,37.79,44.43,0.00,44.43,,,,,,,
CA,06,093,06093,44.30,23.74,4.25,3.67,7.92,20.56,1.39,0.15,1.54,0.10,0.00,0.10,0.00,0.00,0.00,0.10,0.00,0.10,133.12,6.00,48.40,187.52,132.61,377.25,509.86,0.00,40.50,40.50,0.79,1.01,1.80,0.00,0.00,0.00,0.00,0.00,0.00,0.00,0.00,0.00,0.00,0.00,0.00,0.00,0.00,0.00,0.00,0.00,0.00,0.00,0.00,0.00,0.00,0.00,0.00,0.00,0.00,139.14,0.00,139.14,422.58,0.00,422.58,561.72,0.00,561.72,,,,,,,
CA,06,095,06095,394.54,385.90,9.73,59.92,69.65,8.64,0.58,0.06,0.64,1.26,0.00,1.26,0.00,0.00,0.00,1.26,0.00,1.26,69.20,20.40,65.90,155.50,107.57,337.54,445.11,0.02,0.00,0.02,0.45,0.57,1.02,0.00,0.02,0.02,0.00,0.00,0.00,0.00,0.02,0.02,0.00,0.00,0.00,0.00,0.00,0.00,0.00,0.00,0.00,0.00,0.00,0.00,0.00,0.00,0.00,0.00,0.00,119.61,0.02,119.63,398.09,0.00,398.09,517.70,0.02,517.72,,,,,,,
CA,06,097,06097,458.61,349.80,55.71,0.46,56.17,108.81,7.34,0.82,8.16,6.83,0.00,6.83,0.04,0.00,0.04,6.87,0.00,6.87,18.43,35.10,5.90,59.43,14.66,59.57,74.23,0.76,6.92,7.68,2.72,3.47,6.19,0.00,0.00,0.00,0.00,0.00,0.00,0.00,0.00,0.00,0.00,0.00,0.00,0.00,0.00,0.00,0.00,0.00,0.00,0.00,0.00,0.00,0.00,0.00,0.00,0.00,0.00,88.02,0.00,88.02,71.28,0.00,71.28,159.30,0.00,159.30,,,,,,,
CA,06,099,06099,447.00,361.83,84.97,31.15,116.12,85.17,5.76,0.64,6.40,12.91,0.00,12.91,0.00,0.00,0.00,12.91,0.00,12.91,37.12,96.20,321.40,454.72,496.40,904.25,1400.65,0.03,0.00,0.03,34.82,44.32,79.14,0.00,0.00,0.00,0.00,0.00,0.00,0.00,0.00,0.00,0.00,0.00,0.00,0.00,0.00,0.00,0.00,0.00,0.00,0.00,0.00,0.00,0.00,0.00,0.00,0.00,0.00,634.89,0.00,634.89,980.36,0.00,980.36,1615.25,0.00,1615.25,,,,,,,
CA,06,101,06101,78.93,57.62,6.01,9.74,15.75,21.31,1.44,0.16,1.60,0.01,0.00,0.01,0.00,0.00,0.00,0.01,0.00,0.01,60.26,18.70,185.20,264.16,250.85,653.74,904.59,0.00,0.00,0.00,0.11,0.14,0.25,0.00,0.01,0.01,0.00,0.00,0.00,0.00,0.01,0.01,0.00,0.00,0.00,0.00,0.00,0.00,0.00,0.00,0.00,0.00,0.00,0.00,0.00,0.00,0.00,0.00,0.00,258.42,0.01,258.43,663.78,0.00,663.78,922.20,0.01,922.21,,,,,,,
CA,06,103,06103,56.04,23.45,6.73,0.00,6.73,32.59,2.20,0.24,2.44,0.00,0.00,0.00,0.00,0.00,0.00,0.00,0.00,0.00,34.34,40.20,30.30,104.84,178.64,168.00,346.64,13.18,41.95,55.13,0.60,0.77,1.37,0.00,0.00,0.00,0.00,0.00,0.00,0.00,0.00,0.00,0.00,0.00,0.00,0.00,0.00,0.00,0.00,0.00,0.00,0.00,0.00,0.00,0.00,0.00,0.00,0.00,0.00,201.35,0.00,201.35,210.96,0.00,210.96,412.31,0.00,412.31,,,,,,,
CA,06,105,06105,13.02,6.30,0.00,1.31,1.31,6.72,0.45,0.05,0.50,0.00,0.00,0.00,0.00,0.00,0.00,0.00,0.00,0.00,0.81,0.00,9.60,10.41,12.21,9.67,21.88,0.00,21.00,21.00,0.06,0.08,0.14,0.00,0.00,0.00,0.00,0.00,0.00,0.00,0.00,0.00,0.00,0.00,0.00,0.00,0.00,0.00,0.00,0.00,0.00,0.00,0.00,0.00,0.00,0.00,0.00,0.00,0.00,12.72,0.00,12.72,32.11,0.00,32.11,44.83,0.00,44.83,,,,,,,
CA,06,107,06107,368.02,264.60,63.47,18.50,81.97,103.42,6.98,0.78,7.76,4.95,0.00,4.95,0.00,0.07,0.07,4.95,0.07,5.02,85.10,277.40,447.30,809.80,1198.08,1049.87,2247.95,0.29,0.26,0.55,28.97,36.87,65.84,0.00,0.00,0.00,0.00,0.00,0.00,0.00,0.00,0.00,0.00,0.00,0.00,0.00,0.00,0.00,0.00,0.00,0.00,0.00,0.00,0.00,0.00,0.00,0.00,0.00,0.00,1302.74,0.00,1302.74,1106.28,0.07,1106.35,2409.02,0.07,2409.09,,,,,,,
CA,06,109,06109,54.50,54.22,3.02,4.06,7.08,0.28,0.02,0.00,0.02,0.00,0.00,0.00,0.00,0.00,0.00,0.00,0.00,0.00,1.36,0.30,0.00,1.66,1.34,3.81,5.15,0.00,20.12,20.12,0.17,0.22,0.39,0.00,0.00,0.00,0.00,0.00,0.00,0.00,0.00,0.00,0.00,0.00,0.00,0.00,0.00,0.00,0.00,0.00,0.00,0.00,0.00,0.00,0.00,0.00,0.00,0.00,0.00,4.55,0.00,4.55,28.21,0.00,28.21,32.76,0.00,32.76,,,,,,,
CA,06,111,06111,753.20,736.97,32.86,124.46,157.32,16.23,0.83,0.09,0.92,0.40,0.00,0.40,0.00,0.00,0.00,0.40,0.00,0.40,43.70,71.30,15.80,130.80,138.52,91.67,230.19,12.96,0.00,12.96,0.37,0.47,0.84,0.00,5.85,5.85,0.00,0.10,0.10,0.00,5.95,5.95,0.00,0.00,702.02,702.02,0.00,702.02,702.02,0.00,702.02,702.02,0.00,0.00,0.00,0.00,0.00,0.00,0.00,185.94,5.85,191.79,216.69,702.12,918.81,402.63,707.97,1110.60,,,,,,,
CA,06,113,06113,168.66,135.20,30.73,9.73,40.46,33.46,2.26,0.25,2.51,2.11,0.00,2.11,0.00,0.09,0.09,2.11,0.09,2.20,47.37,35.10,225.80,308.27,290.85,691.28,982.13,0.00,0.00,0.00,0.16,0.20,0.36,0.35,0.00,0.35,0.09,0.00,0.09,0.44,0.00,0.44,0.00,0.00,0.00,0.00,0.00,0.00,0.00,0.00,0.00,0.00,0.00,0.00,0.00,0.00,0.00,0.00,0.00,326.46,0.00,326.46,701.55,0.09,701.64,1028.01,0.09,1028.10,,,,,,,
CA,06,115,06115,60.22,39.33,10.63,0.50,11.13,20.89,1.41,0.16,1.57,0.00,0.00,0.00,0.00,0.00,0.00,0.00,0.00,0.00,21.55,28.90,38.80,89.25,86.34,271.93,358.27,0.00,0.00,0.00,0.51,0.64,1.15,0.00,0.00,0.00,0.00,0.00,0.00,0.00,0.00,0.00,0.00,0.00,0.00,0.00,0.00,0.00,0.00,0.00,0.00,0.00,0.00,0.00,0.00,0.00,0.00,0.00,0.00,98.89,0.00,98.89,273.23,0.00,273.23,372.12,0.00,372.12,,,,,,,
